comment,hospital,star,rating
"Bá»‡nh viá»‡n Trung Æ°Æ¡ng ThÃ¡i NguyÃªn lÃ  Bv háº¡ng Ä‘áº·c biá»‡t, cÃ³ nhiá»u trang thiáº¿t bá»‹ hiá»‡n Ä‘áº¡i vÃ  cÃ³ nhiá»u khoa phÃ²ng Ä‘á»ƒ Ä‘iá»u trá»‹ cho bá»‡nh nhÃ¢n. NhÆ°ng do bá»‡nh nhÃ¢n Ä‘Ã´ng lá»±c lÆ°á»£ng y bÃ¡c sá»¹ chÆ°a Ä‘á»§ nÃªn cÃ²n chÆ°a hÆ°á»›ng dáº«n Ä‘Æ°á»£c bá»‡nh nhÃ¢n chi Táº¿t vÃ  Ä‘áº§y Ä‘á»§ theo Ã½ muá»‘n cá»§a bá»‡nh nhÃ¢n",Bá»‡nh viá»‡n Trung Æ°Æ¡ng ThÃ¡i NguyÃªn,3 sao,"3,8"
"MÃ¬nh giáº£m tá»« 5 sao xuá»‘ng 1 sao vÃ¬ Ä‘á»™i báº£o vá»‡.
- KhÃ´ng gian rá»™ng rÃ£i, sáº¡ch sáº½, hÃ nh lang-thang bá»™ thÃ´ng thoÃ¡ng. NhÃ¢n viÃªn-bÃ¡c sá»¹ thÃ¢n thiá»‡n, hÆ°á»›ng dáº«n dá»… hiá»ƒu. CÃ³ xe Ä‘iá»‡n Ä‘Æ°a Ä‘Ã³n (phá»¥ phÃ­). Trang thiáº¿t bá»‹ â€¦",Bá»‡nh viá»‡n Trung Æ°Æ¡ng ThÃ¡i NguyÃªn,1 sao,"3,8"
"- Bá»‡nh viá»‡n Ä‘a khoa TW ThÃ¡i NguyÃªn lÃ  bá»‡nh viá»‡n tuyáº¿n Trung Æ¯Æ¡ng.
- Nhá»¯ng nÄƒm gáº§n Ä‘Ã¢y bá»‡nh viá»‡n Ä‘Æ°á»£c Ä‘áº§u tÆ° cÆ¡ sá»Ÿ háº¡ táº§ng má»›i, hiá»‡n Ä‘áº¡i.
- Äá»™i ngÅ© bÃ¡c sÄ© dÃ y dáº·n kinh nghiá»‡m, tÃ¡c phong chuyÃªn nghiá»‡p.",Bá»‡nh viá»‡n Trung Æ°Æ¡ng ThÃ¡i NguyÃªn,5 sao,"3,8"
"30.8.24 NgÃ y Máº¹ nháº­p viá»‡n, lo láº¯ng, bá»“i há»“i ....sau táº¥t cáº£ cÃ¹ng nhau cá»‘ gáº¯ng Ä‘á»ƒ sá»›m vá» nhÃ ğŸ’šğŸ’šğŸ’šğŸ’šğŸ’š â€¦",Bá»‡nh viá»‡n Trung Æ°Æ¡ng ThÃ¡i NguyÃªn,3 sao,"3,8"
"Bá»‡nh viá»‡n Ä‘Ã£ Ä‘Æ°á»£c Ä‘áº§u tÆ° nhiá»u hÆ¡n,khÃ¡ khang trang ,sáº¡ch sáº½ ,cháº¥t lÆ°á»£ng chuyÃªn mÃ´n tÆ°Æ¡ng Ä‘á»‘i. HÃ´m nay tÃ´i cÃ³ Ä‘Æ°a ngÆ°á»i nhÃ  Ä‘áº¿n khÃ¡m , khÃ¡ Ä‘Ã´ng bá»‡nh nhÃ¢n,Ä‘Æ°á»£c nhÃ¢n viÃªn y táº¿ chá»‰ dáº«n nhiá»‡t tÃ¬nh. Hy vá»ng bá»‡nh viá»‡n duy trÃ¬ vÃ  phÃ¡t huy tráº¡ng thÃ¡i nhÆ° váº­y",Bá»‡nh viá»‡n Trung Æ°Æ¡ng ThÃ¡i NguyÃªn,4 sao,"3,8"
"CÆ¡ sá»Ÿ tá»‘t, phÃ²ng bá»‡nh sáº¡ch, nhÃ¢n viÃªn trá»±c 24/24...
Äiá»ƒm trá»« lÃ  WC thá»‘i 24/24, cáº¯m dÃ¢y truyá»n nhÆ°ng nÆ°á»›c láº¡i bá»‹ nhá» ra ngoÃ i, thang mÃ¡y hÆ¡i rung, sá»• ghi 3 bÃ¬nh Ä‘Æ°a 2 nhÆ°ng k sá»­a trong sá»•, Ä‘áº¿n tá»‘i váº«n k tháº¥y. â€¦",Bá»‡nh viá»‡n Trung Æ°Æ¡ng ThÃ¡i NguyÃªn,4 sao,"3,8"
"M khÃ¡m theo yÃªu cáº§u, nhÆ°ng thÃ¡i Ä‘á»™ nhÃ¢n viÃªn y táº¿ thiáº¿u tÃ´n trá»ng bá»‡nh nhÃ¢n k niá»m ná»Ÿ.",Bá»‡nh viá»‡n Trung Æ°Æ¡ng ThÃ¡i NguyÃªn,4 sao,"3,8"
"Ná»™p 100k táº¡i trung tÃ¢m khÃ¡m bá»‡nh theo yÃªu cáº§u Ä‘á»ƒ ngá»“i cá»­a hÆ¡n 1 tiáº¿ng Ä‘á»“ng há»“ nghe bÃ¡c sÄ© khoa ngoáº¡i gá»i Ä‘iá»‡n buÃ´n vá»›i cáº£ tháº¿ giá»›i rá»“i chá»­i nhau vá»›i ngÆ°á»i ta ğŸ˜†ğŸ˜…, Ä‘au háº¿t cáº£ Ä‘áº§u nÃªn Ä‘i vá» luÃ´n, nÃ©m tiá»n Ä‘i váº­y. KhÃ´ng háº¹n gáº·p láº¡i ğŸ™„ğŸ™„ Mang tiáº¿ng bá»‡nh viá»‡n trung Æ°Æ¡ng ğŸ¤£ğŸ¤£ â€¦",Bá»‡nh viá»‡n Trung Æ°Æ¡ng ThÃ¡i NguyÃªn,1 sao,"3,8"
"BÃ© 3 tuá»•i ngÃ£ 22h nháº­p viá»‡n- 23h49 má»›i hÆ°á»›ng dáº«n ná»™p 2tr xong Ä‘i chá»¥p X-quang. Äáº¿n 6h sÃ¡ng hÃ´m sau bs Ä‘á»c phim báº£o khÃ´ng sao kÃ­ giáº¥y cho vá». Thanh toÃ¡n háº¿t hÆ¡n 800k. Tráº£ phim chá»¥p mÃ  khÃ´ng cÃ³ tá» káº¿t quáº£, bá»n nÃ³ váº·n váº¹o giá»¯ khÃ´ng cho vá», bá»n nÃ³ Ä‘Ã´ng khÃ¡ch nÃªn coi thÆ°á»ng ngÆ°á»i bá»‡nh",Bá»‡nh viá»‡n Trung Æ°Æ¡ng ThÃ¡i NguyÃªn,1 sao,"3,8"
Bá»‡nh viá»‡n cÃ³ Ä‘á»™i y bÃ¡c sÄ© nhÆ° cá»©t bá»‡nh nhÃ¢n cá»© cho vÃ o náº±m Ä‘Ã©o khÃ¡m cho cá»© náº±m im á»Ÿ Ä‘áº¥y.chÃ¡n ae Ä‘á»«ng vÃ o Ä‘Ã¢y,Bá»‡nh viá»‡n Trung Æ°Æ¡ng ThÃ¡i NguyÃªn,1 sao,"3,8"
"Bá»‡nh viá»‡n sáº¡ch sáº½, nhÃ¢n viÃªn táº­n tÃ¬nh chu Ä‘Ã¡o, trang thiáº¿t bá»‹ chÆ°a cÃ³ thÃ´ng tin. Äá»™i ngÅ© y BÃ¡c sÄ© chÆ°a cÃ³ nhiá»u thÃ´ng tin",Bá»‡nh Viá»‡n QuÃ´Ìc TÃªÌ ThaÌi NguyÃªn,2 sao,"3,0"
"TÃ´i ráº¥t hÃ i lÃ²ng vá»›i cháº¥t lÆ°á»£ng dá»‹ch vá»¥ táº¡i bá»‡nh viá»‡n. CÃ¡c bÃ¡c sÄ© vÃ  nhÃ¢n viÃªn y táº¿ ráº¥t chuyÃªn nghiá»‡p vÃ  táº­n tÃ¢m. Há» Ä‘Ã£ láº¯ng nghe vÃ  giáº£i thÃ­ch rÃµ rÃ ng vá» tÃ¬nh tráº¡ng sá»©c khá»e cá»§a tÃ´i, giÃºp tÃ´i cáº£m tháº¥y yÃªn tÃ¢m hÆ¡n ráº¥t nhiá»u. Bá»‡nh viá»‡n cÃ³ cÆ¡ â€¦",Bá»‡nh Viá»‡n QuÃ´Ìc TÃªÌ ThaÌi NguyÃªn,5 sao,"3,0"
"Bá»‡nh viá»‡n sáº¡ch sáº½, khang trang.
MÃ¬nh khÃ¡m TMH bÃ¡c sá»¹ tÆ° váº¥n ráº¥t kÄ©, chá»© Ä‘Ã¡o, cÃ²n lÃ m Ä‘Æ°á»£c thÃªm xÃ©t nghiá»‡m táº§m soÃ¡t ung thÆ°. Con mÃ¬nh Ä‘iá»u trá»‹ táº¡i khoa Nhi ráº¥t tá»‘t, bÃ¡c sá»¹ ngÃ y nÃ o cÅ©ng Ä‘áº¿n thÄƒm khÃ¡m, phÃ²ng khang trang sáº¡ch sáº½, chÄƒm sÃ³c tiÃªu chuáº©n 4 bá»¯a cÆ¡m",Bá»‡nh Viá»‡n QuÃ´Ìc TÃªÌ ThaÌi NguyÃªn,4 sao,"3,0"
"Má»™t sá»‘ bÃ¡c sÄ© khoa sáº£n khÃ¡ lÃ  khÃ³ chá»‹u vá»›i bá»‡nh nhÃ¢n.há»“i thÃ¡ng 3 mÃ¬nh báº§u 40w lÃªn Ä‘á»ƒ náº±m chá» Ä‘áº» vÃ  cÃ³ nÃ³i lÃ  sáº½ chá» táº§m 1-2 ngÃ y náº¿u k cÃ³ Ä‘au Ä‘áº» thÃ¬ sáº½ má»•,vÃ  chá»‹ bsi khÃ³ chá»‹u nÃ³i lÃ  tháº¿ sao k á»Ÿ nhÃ  chá» thÃªm 1-2 ngÃ y Ä‘i rá»“i lÃªn viá»‡n,nhÆ°ng â€¦",Bá»‡nh Viá»‡n QuÃ´Ìc TÃªÌ ThaÌi NguyÃªn,2 sao,"3,0"
"MÃ¬nh Ä‘Ã£ khÃ¡m chá»¯a bá»‡nh táº¡i Ä‘Ã¢y bÃ¡c sá»¹ táº­n tÃ¬nh, chu Ä‘Ã¡o, báº£o vá»‡ ra hÆ°á»›ng dáº«n táº­n tÃ¬nh, cÃ³ Ä‘á»™i Ã¡o há»“ng Ä‘Æ°a Ä‘Ã³n táº­n nÆ¡i, á»Ÿ tá»‰nh nÃªn cÃ³ nhiá»u bá»‡nh viá»‡n tÆ° nhÆ° tháº¿, cÃ³ nhiá»u xÃ©t nghiá»‡m vá» táº§m soÃ¡t ung thÆ°",Bá»‡nh Viá»‡n QuÃ´Ìc TÃªÌ ThaÌi NguyÃªn,4 sao,"3,0"
BÃ¡c sÄ© k há» nhiá»‡t tÃ¬nh nÃ³i nÄƒng thÃ¬ há»i há»£t. NÃ³i chung Ä‘i khÃ¡m xong váº«n kbt cÃ¡i gÃ¬ lÃ m ra bá»‡nh cá»§a mÃ¬nh. Má»™t tráº£i nghiá»‡m quÃ¡ tá»‡ vÃ  sáº½ k bao giá» Ä‘áº¿n láº§n 2,Bá»‡nh Viá»‡n QuÃ´Ìc TÃªÌ ThaÌi NguyÃªn,1 sao,"3,0"
"PhÃ²ng khÃ¡m k cÃ³ ngÆ°á»i, thá»§ tá»¥c rÆ°á»m rÃ , báº£o khÃ¡m báº£o hiá»ƒm thÃ¬ thÃ¡i Ä‘á»™ ngay",Bá»‡nh Viá»‡n QuÃ´Ìc TÃªÌ ThaÌi NguyÃªn,1 sao,"3,0"
"TrÆ°á»ng Máº§m non Brainpower ngay cáº¡nh BV Quá»‘c Táº¿ ThÃ¡i NguyÃªn cÃ¡ch 500 mÃ©t
- Thuáº­n tiá»‡n bá»‘ máº¹ Ä‘i lÃ m
- ÄÆ°a Ä‘Ã³n dá»… dÃ ng â€¦",Bá»‡nh Viá»‡n QuÃ´Ìc TÃªÌ ThaÌi NguyÃªn,5 sao,"3,0"
"Nháº§m láº«n bá»‡nh Ã¡n cá»§a bá»‡nh nhÃ¢n lÃ  viá»‡c k thá»ƒ cháº¥p nháº­n Ä‘Æ°á»£c, thÃ¡i Ä‘á»™ vá»›i bá»‡nh nhÃ¢n, k cÃ³ táº­n tÃ¢m, máº·c ká»‡ cho bá»‡nh nhÃ¢n hoang mang, tráº£i nghiá»‡m siÃªu tá»‡ á»Ÿ khoa máº¯tâ€¦ mong bá»‡nh viá»‡n xem xÃ©t láº¡i thÃ¡i Ä‘á»™ lÃ m viá»‡c cá»§a mÃ¬nh",Bá»‡nh Viá»‡n QuÃ´Ìc TÃªÌ ThaÌi NguyÃªn,1 sao,"3,0"
"ThÃ¡i Ä‘á»™ phá»¥c vá»¥ bs kg tá»‘t.
Há»i k tráº£ lá»i kiÃªu ngáº¡o bÃ¢y Æ¡i.
ThÃ¡i Ä‘á»™ láº¯m nháº¥t phÃ²ng 110. â€¦",Bá»‡nh Viá»‡n QuÃ´Ìc TÃªÌ ThaÌi NguyÃªn,1 sao,"3,0"
"Bá»‡nh viá»‡n sáº¡ch sáº½, phá»¥c vá»¥ chu Ä‘Ã¡o nhÆ°ng BÃ¡c Sá»¹ vÃ  Ä‘iá»u dÆ°á»¡ng chÆ°a nhiá»‡t tÃ¬nh, nhiá»u chá»— chÆ°a biáº¿t tÃ¬m Ä‘Æ°á»ng Ä‘á»ƒ Ä‘i khÃ¡m bá»‡nh. Bá»‡nh viá»‡n Ä‘Ã´ng bá»‡nh nhÃ¢n nÃªn chá» Ä‘á»£i lÃ¢u",Bá»‡nh viá»‡n A,3 sao,"3,3"
"Bá»‡nh viá»‡n chá» quÃ¡ lÃ¢u , tÃ´i láº¥y dá»‹ch vÃ  chá» káº¿t quáº£ lÃ m máº¥t 10p nhÆ°ng chá» Ä‘áº¿n 4 tiáº¿ng chÆ°a xong , cÃ³ káº¿t quáº£ tráº£ vá» phÃ²ng rá»“i nhÆ°ng khÃ´ng gá»i bá»‡nh nhÃ¢n vÃ o nháº­n káº¿t quáº£",Bá»‡nh viá»‡n A,1 sao,"3,3"
"CÃ³ nhÃ¢n viÃªn thÃ¡i Ä‘á»™ vs ngÆ°á»i nhÃ  bá»‡nh nhÃ¢n, Äƒn nÃ³i thÃ¬ cá»c cáº±n, thiáº¿u tÃ´n trá»ng, ko nÃ³i vá» chuyÃªn mÃ´n  thÃ¬ thÃ´i Ä‘i, cx gá»i lÃ  hÆ¡i táº¡m Ä‘c. NhÃ  tÃ´i Ä‘i bao nhiÃªu bá»‡nh viá»‡n r thÃ nh ngÆ°á»i Ä‘i viá»‡n nhiá»u nháº¥t mÃ  cÃ²n tháº¥y ko hÃ i lÃ²ng",Bá»‡nh viá»‡n A,2 sao,"3,3"
Nghe nÃ³i cÃ³ 1 bÃ¡c sÄ© khoa nÃ y chuyÃªn vá» cáº£ chá»‰nh hÃ¬nh vÃ  khoa sáº£n.,Bá»‡nh viá»‡n Chá»‰nh hÃ¬nh vÃ  phá»¥c há»“i chá»©c nÄƒng ThÃ¡i NguyÃªn,1 sao,"3,8"
"Bá»‡nh viá»‡n Phá»¥c há»“i chá»©c nÄƒng tá»‰nh ThÃ¡i NguyÃªn tiá»n thÃ¢n lÃ  Viá»‡n An dÆ°á»¡ng Báº¯c ThÃ¡i,
ThÃ nh láº­p ngÃ y 07 thÃ¡ng 11 nÄƒm 1966 â€¦",Bá»‡nh viá»‡n Chá»‰nh hÃ¬nh vÃ  phá»¥c há»“i chá»©c nÄƒng ThÃ¡i NguyÃªn,5 sao,"3,8"
RÃ¢t tÃ´t,Bá»‡nh viá»‡n Chá»‰nh hÃ¬nh vÃ  phá»¥c há»“i chá»©c nÄƒng ThÃ¡i NguyÃªn,5 sao,"3,8"
Nhiá»‡t tÃ¬nh vÃ  táº­n tÃ¢m!,Bá»‡nh viá»‡n Chá»‰nh hÃ¬nh vÃ  phá»¥c há»“i chá»©c nÄƒng ThÃ¡i NguyÃªn,5 sao,"3,8"
Tá»‘t,Bá»‡nh viá»‡n Chá»‰nh hÃ¬nh vÃ  phá»¥c há»“i chá»©c nÄƒng ThÃ¡i NguyÃªn,5 sao,"3,8"
Äáº¡t tiÃªu chuáº©n,Bá»‡nh viá»‡n Chá»‰nh hÃ¬nh vÃ  phá»¥c há»“i chá»©c nÄƒng ThÃ¡i NguyÃªn,4 sao,"3,8"
cá» khÃ´,Bá»‡nh viá»‡n Chá»‰nh hÃ¬nh vÃ  phá»¥c há»“i chá»©c nÄƒng ThÃ¡i NguyÃªn,5 sao,"3,8"
Tá»‘t,Bá»‡nh viá»‡n Chá»‰nh hÃ¬nh vÃ  phá»¥c há»“i chá»©c nÄƒng ThÃ¡i NguyÃªn,3 sao,"3,8"
"Tiá»n tiá»n tiá»n, cÃ¡i gÃ¬ cÅ©ng tiá»n. Váº½ Ä‘á»§ thá»© xÃ©t nghiá»‡m Ä‘á»ƒ bá»‡nh nhÃ¢n bá» thÃªm tiá»n trong khi chá»‰ Ä‘i khÃ¡m Ä‘au há»ng, Ä‘á»ƒ bá»‡nh nhÃ¢n chá» Ä‘á»£i máº¥y tiáº¿ng Ä‘á»“ng há»“ má»›i Ä‘áº¿n lÆ°á»£t. Tráº£i nghiá»‡m siÃªu tá»‡, sáº½ khÃ´ng bao giá» khÃ¡m láº¡i á»Ÿ Ä‘Ã¢y ná»¯a.",Trung tÃ¢m y táº¿ ThÃ nh phá»‘ ThÃ¡i NguyÃªn,1 sao,"3,8"
"MÃ¹a hÃ¨ náº¯ng nÃ³ng. CÃ¡c chÃ¡u bÃ© toÃ n 6 thÃ¡ng , 2 tuá»•i. Buá»•i trÆ°a nhá» cÃ¡c cÃ´ báº­t máº¥y tiáº¿ng cho cÃ¡c chÃ¡u khÃ´ng há» báº­t há»©a suÃ´ng. CÆ¡ sá»Ÿ y táº¿ cáº¥p thÃ nh phá»‘ mÃ  nhÆ° nÃ y quÃ¡ tá»‡. Ã‰p ngÆ°á»i dÃ¢n Ä‘á»ƒ dÃ¹ng phÃ²ng tá»± chá»n thu phÃ­ cao.",Trung tÃ¢m y táº¿ ThÃ nh phá»‘ ThÃ¡i NguyÃªn,1 sao,"3,8"
"Nhá»› ngÃ y bÃ© xÃ­u xiu Ä‘Ã£ Ä‘áº¿n trung tÃ¢m y táº¿ thÃ nh phá»‘ khÃ¡m tai mÅ©i há»ng, giá» 32 tuá»•i máº¥t rá»“i ğŸ¤£, rá»™ng lá»›n hÆ¡n, xÃ¢y má»›i, má»i ngÆ°á»i lÃ m viá»‡c chuyÃªn nghiá»‡p, cáº£m giÃ¡c má»—i nÄƒm láº¡i Ä‘Ã´ng hÆ¡n, nhá»› ngÃ y bÃ© chá»‰ cÃ³ vÃ i ngÆ°á»i lÃ¡c Ä‘Ã¡c Ä‘áº¿n khÃ¡m giá» láº§n nÃ o tá»›i cÅ©ng cháº³ng khÃ¡c gÃ¬ bá»‡nh viá»‡n Ä‘a khoa trung Æ°Æ¡ng luÃ´n. â€¦",Trung tÃ¢m y táº¿ ThÃ nh phá»‘ ThÃ¡i NguyÃªn,5 sao,"3,8"
"ÄÃ¢y lÃ  cá»­a sá»• táº§ng 3 khÃ´ng cÃ³ cháº¥n song an toÃ n cá»§a bá»‡nh viá»‡n lao vÃ  bá»‡nh phá»•i ThÃ¡i NguyÃªn. Cá»­a sá»• cá»§a bá»‡nh viá»‡n nhÆ° tháº¿ nÃ y ráº¥t nguy hiá»ƒm. BÃ¬nh thÆ°á»ng cháº³ng ai trÃ¨o lÃªn lÃ m gÃ¬. Tháº¿ trong cÃ¡c trÆ°á»ng há»£p ""báº¥t bÃ¬nh thÆ°á»ng"" thÃ¬ cÃ³ ai dÃ¡m kháº³ng â€¦",Bá»‡nh viá»‡n phá»•i ThÃ¡i NguyÃªn,1 sao,"3,9"
Bá»‡nh viá»‡n á»Ÿ Ä‘Ã¢y cÃ¡c bÃ¡c sÄ© phá»¥c vá»¥ ráº¥t quan tÃ¢m Ä‘áº¿n bá»‡nh nhÃ¢n,Bá»‡nh viá»‡n phá»•i ThÃ¡i NguyÃªn,5 sao,"3,9"
nÆ¡i Ä‘iá»u trá»‹ cÃ¡c bá»‡nh vá» phá»•i. Ä‘áº·c biá»‡t lÃ  lao. vá»›i Ä‘á»™i ngÅ© y bÃ¡c sÄ© táº­n tÃ¬nh tÃ¢m huyáº¿t háº¿t lÃ²ng vÃ¬ bá»‡nh nhÃ¢n,Bá»‡nh viá»‡n phá»•i ThÃ¡i NguyÃªn,5 sao,"3,9"
Báº£o vá»‡ máº¯ng bá»‡nh nhÃ¢n xÆ¡i xÆ¡i:))),Bá»‡nh viá»‡n phá»•i ThÃ¡i NguyÃªn,1 sao,"3,9"
"Tháº­t hi vá»ng ráº±ng Bá»‡nh Viá»‡n cÃ³ sá»± cáº£i tiáº¿n hÆ¡n khÃ´ng chá»‰ vá» chuyÃªn mÃ´n, mÃ  cáº£ vá» quáº£n lÃ½, trÃ¡ch nhiá»‡m vá»›i ngÆ°á»i bá»‡nh.
Má»i thá»© Ä‘Ã¡ng ra cÃ³ thá»ƒ tá»‘t hÆ¡n. Náº¿u cÃ³  báº£o vá»‡ cÃ³ trÃ¡ch nhiá»‡m hÆ¡n thÃ¬ tháº­t may â€¦",Bá»‡nh viá»‡n phá»•i ThÃ¡i NguyÃªn,1 sao,"3,9"
"MÃ¬nh cÅ©ng Ä‘á»“ng tÃ¬nh vá»›i nháº­n xÃ©t cá»§a báº¡n Chung Chung Dung, ngoÃ i ra mÃ¬nh cÃ²n nháº­n tháº¥y á»Ÿ Bá»‡nh viá»‡n nÃ y kháº£ nÄƒng chuyÃªn mÃ´n cÅ©ng nhÆ° vá» máº·t trÃ¡ch nhiá»‡m cá»§a tháº§y thuá»‘c cÃ²n khÃ¡ nhiá»u Ä‘iá»u báº¥t cáº­p.",Bá»‡nh viá»‡n phá»•i ThÃ¡i NguyÃªn,4 sao,"3,9"
"HÃ nh lang,phÃ²ng bá»‡nh vÃ  khuÃ¢n viÃªn bá»‡nh viá»‡n ráº¥t sáº¡ch sáº½.
NhÃ¢n viÃªn y táº¿ vui váº» nhÃ£ nháº·n chu Ä‘Ã¡o nhiá»‡t tÃ¬nh.
Náº¿u xÃ©t Ä‘áº¿n cÃ¡c tiÃªu chÃ­ nhÆ°;thÃ¡i Ä‘á»™ lÃ m viá»‡c cá»§a nhÃ¢n viÃªn y táº¿;tÃ¬nh tráº¡ng tiÃªu cá»±c vÃ  mÃ´i trÆ°á»ng bá»‡nh viá»‡n thÃ¬ mÃ¬nh tháº¥y Ä‘Ã¢y lÃ  bá»‡nh viá»‡n tá»‘t nháº¥t thÃ¡i nguyÃªn.",Bá»‡nh viá»‡n phá»•i ThÃ¡i NguyÃªn,5 sao,"3,9"
Äáº¡t tiÃªu chuáº©n cháº¥t lÆ°á»£ng khÃ¡m chá»¯a bá»‡nh,Bá»‡nh viá»‡n phá»•i ThÃ¡i NguyÃªn,4 sao,"3,9"
Äiá»u trá»‹ bá»‡nh nhÃ¢n tá»‘t,Bá»‡nh viá»‡n phá»•i ThÃ¡i NguyÃªn,5 sao,"3,9"
Phuc vá»¥.tot....trach nhiem cung dc nÃ¢ng cao,Bá»‡nh viá»‡n phá»•i ThÃ¡i NguyÃªn,5 sao,"3,9"
"Bá»‡nh viá»‡n nÃ y váº«n cÃ²n thÃ³i quan liÃªu háº¡ch sÃ¡ch, yÃªu cáº§u mÃ¡y mÃ³c vá» tháº» báº£o hiá»ƒm y táº¿ cá»§a tráº» dÆ°á»›i 6 tuá»•i. ThÃ¡i Ä‘á»™ lÃ m viá»‡c cá»§a cÃ¡n bá»™ nÃªn thÃ¢n thiá»‡n hÆ¡n.",Bá»‡nh viá»‡n Máº¯t ThÃ¡i NguyÃªn,3 sao,"3,9"
"Viá»‡n máº¯t trung tÃ¢m khÃ´ng báº±ng cáº£ viá»‡n C,bs thÃ¬ nhÃ¬n khÃ´ng Æ°a cÃ¡ch nÃ³i chuyá»‡n .lÃ m viá»‡c khÃ´ng cÃ³ chuyÃªn mÃ´n nhÃ¬n ráº¥t lÃ  chÃ¡n !",Bá»‡nh viá»‡n Máº¯t ThÃ¡i NguyÃªn,1 sao,"3,9"
"Gáº§n Ä‘áº¡i há»c sÆ° pháº¡m
Náº±m bÃªn pháº£i Ä‘Æ°á»ng Báº¯c Kan",Bá»‡nh viá»‡n Máº¯t ThÃ¡i NguyÃªn,5 sao,"3,9"
ThÃ¡i Ä‘á»™ phá»¥c vá»¥ bá»‡nh nháº­n kÃ©m kÃª Ä‘Æ¡n thuá»‘c mÃ  k há» co ngÆ°á»i bÃ¡n thuá»‘c á»Ÿ quáº§y vá»›i lÃ½ Ä‘á»£i ráº¥t lÃ¢u váº«n k tháº¥y mÃ  váº«n trong giá» lÃ m viá»‡c,Bá»‡nh viá»‡n Máº¯t ThÃ¡i NguyÃªn,1 sao,"3,9"
TÆ°Æ¡ng Ä‘á»‘i á»•n,Bá»‡nh viá»‡n Máº¯t ThÃ¡i NguyÃªn,4 sao,"3,9"
Bá»‡nh viá»‡n máº¯t ThÃ¡i NguyÃªn lÃ  nÆ¡i táº­p há»£p cÃ¡c bÃ¡c sÄ© Ä‘áº§u ngÃ nh chuyÃªn khoa máº¯t,Bá»‡nh viá»‡n Máº¯t ThÃ¡i NguyÃªn,5 sao,"3,9"
KhÃ¡ Ä‘Ã´ng bá»‡nh nhÃ¢n vÃ  chá» Ä‘á»£i lÃ¢u. Háº¡ táº§ng Ä‘ang hoÃ n thiá»‡n ngá»•n ngang,Bá»‡nh viá»‡n Máº¯t ThÃ¡i NguyÃªn,3 sao,"3,9"
ÄÆ°a tháº±ng em Ä‘i chÃ­ch láº¹o 1 láº§n. Máº¥y em y tÃ¡ xinh xinh cá»© trÃªu mÃ£i ;),Bá»‡nh viá»‡n Máº¯t ThÃ¡i NguyÃªn,5 sao,"3,9"
"BÃ  mÃ¬nh Ä‘i má»• máº¯t á»Ÿ Ä‘Ã¢y, cáº¯ chá»‰ 3 láº§n váº«n sÃ³t chá»‰.máº¹ kiáº¿p",Bá»‡nh viá»‡n Máº¯t ThÃ¡i NguyÃªn,1 sao,"3,9"
Bá»‡nh viá»‡n duy nháº¥t trÃªn Ä‘á»‹a bÃ n tá»‰nh má»• Ä‘c phaco,Bá»‡nh viá»‡n Máº¯t ThÃ¡i NguyÃªn,5 sao,"3,9"
"HÆ°á»›ng dáº«n cho bá»‡nh nhÃ¢n chÆ°a rÃµ rÃ ng nhÆ°: nÃªn nhá»• hoáº·c khÃ´ng nÃªn nhá»•, cáº§n lÃ m gÃ¬ vÃ  khÃ´ng cáº§n lÃ m gÃ¬, giÃ¡ thÃ nh Ä‘áº¯t hÆ¡n so vá»›i nhá»• rÄƒng nÆ¡i khÃ¡c",Bá»‡nh Viá»‡n Báº£o Ngá»c,2 sao,"4,1"
"TrÆ°á»ng Máº§m non Brainpower ngay cáº¡nh BV Báº£o Ngá»c cÃ¡ch 500 mÃ©t
- Thuáº­n tiá»‡n bá»‘ máº¹ Ä‘i lÃ m
- ÄÆ°a Ä‘Ã³n â€¦",Bá»‡nh Viá»‡n Báº£o Ngá»c,5 sao,"4,1"
Benh vien báº£o ngoc nÆ¡i cÃ³ Ä‘á»™i ngÅ© giÃ¡o sÆ° bÃ¡c sÄ© gá»i phá»¥ vá»¥ bá»‡nh nhÃ¢n nhiá»‡t tÃ¬nh,Bá»‡nh Viá»‡n Báº£o Ngá»c,5 sao,"4,1"
Bá»‡nh viÃªn báº£o ngá»c cá»¥ thá»ƒ lÃ  anh TÃ¹ng ngÆ°á»i Ä‘Æ°á»£c giao nhiá»‡m vá»¥ xÃ©t nghiá»‡m covid lÃ m Äƒn ráº¥t chÃ¡n. . KhÃ¡ch liÃªn há»‡ dáº¿ xÃ©t nghiá»‡m thÃ¬ anh tráº£ lá»i muá»™n nháº¥t lÃ  21h  mÃ  20h 30 tÃ´i Ä‘áº¿n láº¥y máº«u thÃ¬ bv Ä‘Ã£ dá»«ng láº¥y máº«u lien há»‡ láº¡i anh ko tráº£ lá»i. ÄÃ nh pháº£i sang bá»‡nh viá»‡n Ä‘a khia,Bá»‡nh Viá»‡n Báº£o Ngá»c,1 sao,"4,1"
Cáº£m Æ¡n BV,Bá»‡nh Viá»‡n Báº£o Ngá»c,5 sao,"4,1"
Dá»‹ch vá»¥ ráº¥t tÃ´t,Bá»‡nh Viá»‡n Báº£o Ngá»c,5 sao,"4,1"
Bá»‡nh viá»‡n ráº¥t tá»‡ .bá»‘ tÃ´i bá»‹ bá»‡nh gan vÃ o bá»‡nh viá»‡n khÃ¡m á»Ÿ viá»‡n .xong 2 vá»£ chá»“ng tÃ´i quÃª thÃ¬ xa Ä‘i tá»« báº¯c sÆ¡n .láº¡ng sÆ¡n Ä‘áº¿n bá»‡nh viá»‡n nÃ y .Ä‘á»ƒ Ä‘i Ä‘Æ°a bá»‘ vÃ o viá»‡n rá»“i chÄƒm .rá»“i 2 vá»£ chá»“ng tÃ´i láº¡i vá» .mÃ  bá»n tÃ´i á»Ÿ Ä‘Æ°á»£c 1 ngÃ y thÃ¬ vÃ o bá»‹ Ä‘iá»u â€¦,Bá»‡nh viá»‡n Äa Khoa Viá»‡t Báº¯c I,1 sao,"2,7"
"Bá»‡nh viá»‡n lÃ m Äƒn máº¥t dáº¡y. Thu phÃ­ chá»¥p X-quang tiá»n cá»§a bá»‡nh nhÃ¢n 1tr7  Äƒn 400k, xong Ä‘Æ°a xuá»‘ng viá»‡n khÃ¡c chá»¥p. Trong khi xuá»‘ng há»i chá»¥p cÃ³ 1tr3",Bá»‡nh viá»‡n Äa Khoa Viá»‡t Báº¯c I,1 sao,"2,7"
k hiá»ƒu bá»‡nh viá»‡n kiá»ƒu gÃ¬ vÃ o lÃ m giáº¥y khÃ¡m sk má»›i in tá» giáº¥y ra viáº¿t cÃ¡i tÃªn r thu tiá»n cá»§a ngÆ°á»i ta chÆ°a khÃ¡m cÅ©ng chÆ°a láº¥y mÃ¡u báº£o khÃ´ng lÃ m ná»¯a giáº£ láº¡i tiá»n mÃ  khÃ´ng giáº£ Äƒn nguyÃªn 180 nghÃ¬n Ä‘á»“ng cá»§a bá»‡nh nhÃ¢nğŸ™‚  báº£o lÃ  in giáº¥y ra rá»“i â€¦,Bá»‡nh viá»‡n Äa Khoa Viá»‡t Báº¯c I,1 sao,"2,7"
"CÃ³ bhyt+tá»‘n thÃªm 150k ná»¯a mÃ  bá»‡nh viÃªm há»ng váº«n khÃ´ng khá»i.

Tháº­t Ä‘áº¿n lÃ  ghÃª tá»Ÿm cÃ¡i bá»‡nh viá»‡n nÃ y luÃ´n. â€¦",Bá»‡nh viá»‡n Äa Khoa Viá»‡t Báº¯c I,1 sao,"2,7"
"ThÃ­m t tiÃªm ks bá»‹ hÃ´n mÃª, thá»Ÿ oxi. Bs nÃ³i bá»‹ sá»‘c pháº£n vá»‡. NhÆ°ng k cho ng nhÃ  vÃ o thÄƒm, chÄƒm sÃ³c, pháº£i thuÃª ng chÄƒm sÃ³c. HÃ´n mÃª ngÃ y thá»© 5 rá»“i",Bá»‡nh viá»‡n Äa Khoa Viá»‡t Báº¯c I,1 sao,"2,7"
Bá»‹ bá»‡nh phá»¥ khoa nam.Ä‘áº¿n Ä‘Ã¢y tiÃªm háº¿t 1tr5 bÃ¡c sá»¹ thÃ¬ ns cháº¯c nhÆ° Ä‘inh Ä‘Ã³ng cá»™t.Láº¡i cÃ²n thuá»‘c nÃ y cÃ³ báº£o hÃ nh nÃªn chÃ¡u yÃªn tÃ¢m.giá» thÃ¬ tiá»n máº¥t táº­t mang bá»‡nh chuyá»ƒn sang máº¡n tÃ­nh.uy tÃ­n quÃ¡!,Bá»‡nh viá»‡n Äa Khoa Viá»‡t Báº¯c I,1 sao,"2,7"
KhÃ¡ tá»‘t,Bá»‡nh viá»‡n Äa Khoa Viá»‡t Báº¯c I,4 sao,"2,7"
Phá»¥c vá»¥ khÃ¡ nhiá»‡t tÃ¬nh. Thang mÃ¡y chá» hÆ¡i lÃ¢u,Bá»‡nh viá»‡n Äa Khoa Viá»‡t Báº¯c I,4 sao,"2,7"
Phá»¥c vá»¥ ok,Bá»‡nh viá»‡n Äa Khoa Viá»‡t Báº¯c I,4 sao,"2,7"
phá»¥c vá»¥ táº­n tÃ¢m,Bá»‡nh viá»‡n Äa Khoa Viá»‡t Báº¯c I,5 sao,"2,7"
"phÃ²ng khÃ¡m ko Ä‘Ã´ng nhÆ°ng chá»¥p x quang xong mÃ¬nh pháº£i Ä‘á»£i ráº¥t lÃ¢u má»›i Ä‘Æ°á»£c tráº£ film, Ä‘áº¥y lÃ  mÃ¬nh cÃ²n pháº£i giá»¥c lá»… tÃ¢n",PhÃ²ng KhÃ¡m Äa Khoa HÃ  NÃ´i - ThÃ¡i NguyÃªn,2 sao,"3,8"
"PhÃ²ng khÃ¡m hÆ¡i khuáº¥t, nhá», nhÆ°ng ok áº¡. CÃ³ test PCR",PhÃ²ng KhÃ¡m Äa Khoa HÃ  NÃ´i - ThÃ¡i NguyÃªn,4 sao,"3,8"
"PhÃ²ng khÃ¡m nha khoa PhÆ°Æ¡ng ÄÃ´ng uy tÃ­n, cháº¥t lÆ°á»£ng cao",PhÃ²ng KhÃ¡m Äa Khoa HÃ  NÃ´i - ThÃ¡i NguyÃªn,5 sao,"3,8"
Hiá»‡u quáº£,PhÃ²ng KhÃ¡m Äa Khoa HÃ  NÃ´i - ThÃ¡i NguyÃªn,5 sao,"3,8"
"CÃ³ test pcr, pk ráº¥t ok",PhÃ²ng KhÃ¡m Äa Khoa HÃ  NÃ´i - ThÃ¡i NguyÃªn,5 sao,"3,8"
á»”n,PhÃ²ng KhÃ¡m Äa Khoa HÃ  NÃ´i - ThÃ¡i NguyÃªn,4 sao,"3,8"
